"node","cycles","workers","time_limit","time","success","errors","TPS","get_block","get_global_properties","get_accounts","get_dynamic_global_properties","get_chain_id","get_chain_properties","get_config"
"ws://hawking.array.io:8090","100","10","20","3.9663611109990597","700","100","201.69620909743477","14.602283218553971","14.730764373524035","3.7645856501109503","15.840361450233534","16.530599958642455","16.229028557972033","18.30237679096302"
"ws://hawking.array.io:8090","1000","10","20","35.89651358000083","7000","1000","222.8628689014822","16.22798987294737","16.368087711967526","0.6461250269727005","15.95180121217191","15.927699890149125","18.16389161476152","16.714404671029847"
"ws://hawking.array.io:8090","100","6","20","6.400059498999326","700","100","124.99883792097293","14.823629390309756","14.633668341908551","2.3078470031111955","15.529849189835844","18.837144762107645","16.184229111378578","17.68363220134843"
"ws://hawking.array.io:8090","10","10","20","1.2944492049991823","70","10","61.802347817928116","8.262252236687175","8.235726937881935","14.994875852777456","15.017987028027362","18.668455475135932","15.426854817317828","19.39384765217231"
