"node","cycles","workers","success","errors","time_limit","time","TPS","get_transaction","get_global_properties","get_block","get_accounts","get_chain_properties","get_dynamic_global_properties","get_chain_id","get_config"
"ws://hawking.array.io:8090","1","10","8","0","20","2.0378811359405518","3.925646034457121","2.4358604329947973","2.4771941901561076","3.1885606691927095","4.765584481905981","68.41732423764489","68.50561913300193","68.75514258976287","68.95592660912386"
"ws://hawking.array.io:8090","1","2","8","0","20","0.6499917507171631","12.307848509113024","8.00421676118555","36.99998862912346","45.493519884178454","7.400643298170426","7.005597038877027","7.149346926543771","14.780562256832889","38.50076093172229"
"ws://hawking.array.io:8090","10","2","80","0","20","2.0855443477630615","38.35928978724781","0.47468996047973633","0.5105891227722168","0.4780099391937256","0.6611568927764893","0.46486520767211914","0.704378604888916","0.4673154354095459","0.1945185661315918"
"ws://hawking.array.io:8090","10","2","80","0","20","2.727567195892334","29.330166501664387","0.5110032558441162","0.4764273166656494","0.4771006107330322","0.6769237518310547","0.4614865779876709","0.7041676044464111","0.484708309173584","0.19448065757751465"
"ws://hawking.array.io:8090","10","2","80","0","20","2.1193899669997336","37.74671072603509","0.47941035199619364","0.5137076160099241","0.4798129979935766","0.6507358439885138","0.48732450600437005","0.7105723560052866","0.46878488500078674","0.1967114200051583"
"ws://hawking.array.io:8090","10","2","80","0","20","2.6368146050008363","30.339637776685716","17.9488000070097","19.48012727276319","18.03844703731884","24.78629175370084","17.738184403120137","26.455165398394072","17.96277205439301","7.418181908782702"
