"node","cycles","workers","time_limit","time","success","errors","TPS","get_block","get_global_properties","get_accounts","get_dynamic_global_properties","get_chain_id","get_chain_properties","get_config"
"ws://hawking.array.io:8090","100","10","20","3.9663611109990597","700","100","201.69620909743477","14.602283218553971","14.730764373524035","3.7645856501109503","15.840361450233534","16.530599958642455","16.229028557972033","18.30237679096302"
"ws://hawking.array.io:8090","1000","10","20","35.89651358000083","7000","1000","222.8628689014822","16.22798987294737","16.368087711967526","0.6461250269727005","15.95180121217191","15.927699890149125","18.16389161476152","16.714404671029847"
