"node","cycles","workers","success","errors","time_limit","time","TPS"
"ws://hawking.array.io:8090","100","10","800","0","20","13.962287664413452","57.29720080463674"
"ws://hawking.array.io:8090","1","1","8","0","20","3.498361587524414","2.2867847704848407"
"ws://hawking.array.io:8090","1","1","8","0","20","1.3902583122253418","5.754326321699639"
"ws://hawking.array.io:8090","100","6","800","0","20","33.213051080703735","24.08691685855948"
"ws://hawking.array.io:8090","1","1","8","0","20","0.9134807586669922","8.757710465269238"
